"","ID","Description","GeneRatio","BgRatio","pvalue","p.adjust","qvalue","geneID","Count"
"hsa04080","hsa04080","Neuroactive ligand-receptor interaction","30/230","362/8190",8.04561303419839e-08,2.03554009765219e-05,1.88860179644868e-05,"5746/3358/116/5368/59350/7425/6863/6750/2847/2918/2554/2796/2561/2564/2566/257313/9340/3350/187/387129/4887/185/3356/1134/1143/799/1136/551/2488/1394",30
"hsa04061","hsa04061","Viral protein interaction with cytokine and cytokine receptor","12/230","100/8190",2.13561518467777e-05,0.00270155320861737,0.00250653782201654,"5473/3560/6352/8807/1236/6358/8809/3576/4283/3577/3569/7124",12
"hsa04060","hsa04060","Cytokine-cytokine receptor interaction","21/230","295/8190",7.90157482463107e-05,0.00610541311634669,0.00566468535446354,"5473/3623/9173/3595/8808/3560/6352/8807/1236/6358/652/8809/3576/3447/3976/10663/4283/3577/7850/3569/7124",21
"hsa04640","hsa04640","Hematopoietic cell lineage","11/230","99/8190",9.65282706141769e-05,0.00610541311634669,0.00566468535446354,"2209/2322/2208/914/960/1378/916/3112/7850/3569/7124",11
"hsa05321","hsa05321","Inflammatory bowel disease","8/230","65/8190",0.000434679398440516,0.0219947775610901,0.0204070538636285,"6775/3595/8807/8809/6097/3112/3569/7124",8
"hsa05323","hsa05323","Rheumatoid arthritis","9/230","93/8190",0.00115026881927424,0.0485030018793972,0.0450017450347642,"284/4314/6352/3576/527/3112/4312/3569/7124",9
