"","ID","Description","GeneRatio","BgRatio","pvalue","p.adjust","qvalue","geneID","Count"
"hsa04080","hsa04080","Neuroactive ligand-receptor interaction","25/106","367/6451",6.10933826436498e-10,1.00804081362022e-07,1.00804081362022e-07,"7425/257313/6863/6750/59350/5746/5368/4887/387129/2847/3358/3356/3350/2918/9340/2566/2561/2554/2488/1394/1143/1136/1134/551/116",25
"hsa04726","hsa04726","Serotonergic synapse","9/106","115/6451",0.000102627207826577,0.00846674464569261,0.00846674464569261,"121278/5579/3358/3356/3350/2561/1562/779/242",9
